id,employee__id,department,performance_score,year_with_company,salary
1,1,IT,93.07,44,180246.42
2,2,Finance,20.09,15,53251.31
3,3,IT,30.18,49,25245.2
4,4,HR,65.75,41,187780.37
5,5,Operations,44.63,48,100921.75
6,6,HR,2.56,15,196156.86
7,7,IT,92.98,26,101742.0
8,8,IT,41.77,21,133791.03
9,9,IT,33.48,32,135595.01
10,10,HR,29.24,28,128401.03
11,11,HR,23.11,11,134313.82
12,12,IT,50.68,20,151533.8
13,13,IT,18.66,27,127437.34
14,14,Finance,37.71,4,74315.06
15,15,Finance,57.29,1,93386.26
16,16,Marketing,92.45,50,199221.04
17,17,IT,11.93,27,69319.55
18,18,IT,60.45,38,181740.67
19,19,Finance,51.28,6,178456.86
20,20,Operations,18.6,28,166245.3
21,21,IT,61.9,19,76531.42
22,22,Finance,80.69,46,193373.0
23,23,Finance,67.42,43,63708.74
24,24,Marketing,18.6,2,131803.65
25,25,Finance,21.6,49,121473.21
26,26,HR,57.61,36,149640.52
27,27,Marketing,84.93,24,49888.43
28,28,Finance,5.37,35,96432.23
29,29,Marketing,64.94,46,25714.96
30,30,HR,8.4,5,34756.01
31,31,IT,18.58,41,25447.57
32,32,HR,27.76,4,109702.2
33,33,IT,51.16,13,165257.87
34,34,Finance,2.55,19,125287.27
35,35,Operations,35.69,45,187990.53
36,36,Marketing,93.76,29,112399.68
37,37,IT,63.75,20,191182.33
38,38,HR,63.97,15,89077.49
39,39,Finance,73.39,44,107771.44
40,40,Finance,86.12,15,122773.76
41,41,Marketing,78.21,12,99132.21
42,42,Finance,24.7,37,174117.12
43,43,HR,48.77,17,144745.41
44,44,Operations,50.53,39,59666.67
45,45,IT,82.62,14,116437.59
46,46,Finance,12.68,17,189316.4
47,47,HR,80.96,36,89023.67
48,48,Finance,47.46,43,74126.88
49,49,Marketing,8.97,17,109738.61
50,50,HR,90.13,50,145233.75
51,51,Operations,2.06,38,94765.2
52,52,Operations,0.34,7,114838.28
53,53,Operations,21.8,9,53979.16
54,54,Finance,12.81,43,82259.7
55,55,IT,84.72,0,38060.53
56,56,Finance,15.02,2,94146.19
57,57,Operations,58.54,27,29720.52
58,58,Operations,78.63,7,189300.18
59,59,HR,2.04,18,30033.15
60,60,Operations,76.17,13,133467.23
61,61,Finance,35.19,5,146798.39
62,62,IT,45.97,42,102715.29
63,63,Finance,22.63,43,89790.89
64,64,IT,20.35,33,160905.87
65,65,Marketing,93.91,49,69540.77
66,66,Operations,5.16,10,48002.41
67,67,Marketing,55.71,7,192527.93
68,68,Marketing,98.77,5,134640.88
69,69,Operations,0.03,36,105043.47
70,70,Finance,5.4,7,133134.54
71,71,Finance,92.11,13,178605.11
72,72,Finance,97.97,26,106816.38
73,73,IT,50.89,29,134686.08
74,74,Marketing,0.21,24,104727.27
75,75,Marketing,94.18,35,113843.55
76,76,HR,82.01,13,180422.6
77,77,HR,77.44,40,62809.54
78,78,Finance,65.92,39,128302.47
79,79,Operations,70.52,25,99588.56
80,80,Marketing,33.8,26,134746.77
81,81,IT,55.73,50,97640.46
82,82,Marketing,90.07,44,88136.28
83,83,Operations,74.55,26,58699.92
84,84,Operations,19.44,6,63428.77
85,85,Operations,9.59,48,82189.1
86,86,Finance,30.48,11,135529.97
87,87,Finance,0.93,5,154939.47
88,88,Marketing,30.5,41,109316.47
89,89,Marketing,53.58,49,49312.55
90,90,Finance,50.31,45,38738.85
91,91,Operations,31.7,14,93978.1
92,92,Operations,96.37,28,39994.22
93,93,Marketing,34.48,24,46316.06
94,94,Operations,43.62,33,167656.75
95,95,IT,98.7,46,147182.54
96,96,Operations,52.52,8,180262.6
97,97,Marketing,10.85,42,71389.56
98,98,IT,97.39,48,167874.36
99,99,HR,87.1,37,72090.63
100,100,Marketing,87.16,19,134233.7
101,101,IT,9.84,15,155917.26
102,102,Operations,33.7,8,196019.02
103,103,Marketing,75.1,34,126158.66
104,104,IT,80.64,50,173337.72
105,105,Operations,31.97,29,177341.78
106,106,Marketing,5.66,41,180363.39
107,107,Finance,97.27,36,68254.0
108,108,Operations,36.63,34,149656.44
109,109,HR,46.04,40,180566.22
110,110,HR,97.47,11,44786.38
111,111,Marketing,64.97,7,195699.84
112,112,HR,19.63,8,142499.26
113,113,Marketing,63.92,18,151198.52
114,114,HR,35.22,43,39737.51
115,115,Finance,90.83,0,151194.24
116,116,Marketing,84.17,24,155770.55
117,117,HR,65.77,7,29816.37
118,118,HR,25.61,29,95639.12
119,119,Marketing,50.44,22,126248.56
120,120,IT,90.94,9,84070.11
121,121,IT,9.4,22,85583.94
122,122,HR,39.07,24,126028.3
123,123,IT,81.68,4,52016.29
124,124,HR,98.89,44,131744.2
125,125,Finance,40.72,5,24801.73
126,126,HR,52.58,42,198519.22
127,127,Operations,48.52,25,135950.4
128,128,Finance,62.88,8,119218.33
129,129,Marketing,60.66,35,77827.49
130,130,IT,22.44,15,169498.86
131,131,Marketing,52.3,14,135070.61
132,132,Marketing,84.12,48,191208.26
133,133,Marketing,59.81,31,98775.44
134,134,HR,42.84,0,67980.44
135,135,IT,15.52,36,182018.62
136,136,Operations,58.78,39,57090.16
137,137,Operations,43.04,0,28423.47
138,138,HR,23.3,20,99925.7
139,139,Marketing,97.6,15,157260.71
140,140,Finance,84.15,19,145623.77
141,141,Finance,4.24,13,43435.13
142,142,Marketing,65.35,14,168649.74
143,143,Marketing,69.49,22,75052.78
144,144,IT,34.76,38,137935.33
145,145,HR,76.94,2,166636.13
146,146,Finance,18.96,9,120159.42
147,147,Operations,99.43,45,38740.39
148,148,HR,25.57,31,168120.67
149,149,IT,8.48,10,28350.46
150,150,Operations,31.69,1,121626.39
151,151,IT,8.0,42,91276.2
152,152,IT,35.55,31,42533.01
153,153,IT,51.11,2,190494.26
154,154,HR,8.15,21,143626.14
155,155,Finance,82.29,48,43983.8
156,156,IT,30.91,31,45364.44
157,157,Marketing,79.86,25,89334.73
158,158,Marketing,24.42,10,71338.58
159,159,Finance,40.79,9,130173.4
160,160,Finance,8.16,2,102761.19
161,161,HR,36.71,47,172709.1
162,162,HR,83.89,50,149723.13
163,163,Operations,91.47,34,195745.0
164,164,Finance,33.11,46,119793.62
165,165,HR,58.7,24,81504.94
166,166,Finance,28.83,43,176403.53
167,167,Finance,32.18,17,149576.53
168,168,HR,55.71,11,178863.37
169,169,HR,15.45,34,196678.07
170,170,IT,33.99,21,165652.87
171,171,Operations,51.39,40,94006.75
172,172,Marketing,47.55,34,104922.79
173,173,HR,45.13,0,103370.83
174,174,HR,13.0,42,189527.21
175,175,Marketing,64.29,34,190254.55
176,176,HR,38.66,17,90357.37
177,177,IT,11.27,20,168470.96
178,178,HR,73.45,31,137790.37
179,179,Finance,83.56,49,100731.01
180,180,Marketing,40.59,11,103497.53
181,181,HR,24.64,19,110516.74
182,182,Finance,82.69,36,86905.3
183,183,IT,27.67,44,199269.45
184,184,Operations,21.63,34,167231.07
185,185,Operations,31.74,32,192428.3
186,186,Operations,5.23,32,144818.14
187,187,Marketing,21.74,29,131662.07
188,188,Operations,98.17,31,189504.43
189,189,IT,17.51,31,196711.04
190,190,Finance,5.25,25,55316.68
191,191,Finance,1.55,4,170124.82
192,192,IT,77.69,41,29432.69
193,193,Marketing,44.91,24,191068.14
194,194,IT,3.85,36,119230.54
195,195,Marketing,92.21,3,94732.47
196,196,IT,20.97,25,138239.15
197,197,HR,3.96,40,171686.47
198,198,Operations,11.43,18,44210.29
199,199,Finance,1.0,30,54755.44
200,200,Operations,68.83,45,71011.79
201,201,Marketing,36.24,37,41486.36
202,202,Finance,70.43,6,83777.79
203,203,Operations,87.44,21,76131.87
204,204,IT,79.85,0,136645.94
205,205,HR,35.68,48,148706.57
206,206,Marketing,11.08,4,114769.78
207,207,HR,33.89,50,173422.1
208,208,Finance,56.09,14,139198.76
209,209,HR,22.56,3,44241.61
210,210,Marketing,98.74,29,136439.71
211,211,Marketing,28.32,23,174729.24
212,212,HR,80.1,1,109462.59
213,213,Marketing,55.23,46,143070.17
214,214,Marketing,78.72,0,102321.23
215,215,Marketing,34.76,14,179114.49
216,216,Operations,70.72,2,62469.63
217,217,HR,52.1,47,172870.11
218,218,IT,67.95,43,74338.12
219,219,Finance,10.03,28,56093.5
220,220,IT,45.98,31,24986.57
221,221,Marketing,40.32,3,198773.91
222,222,IT,42.41,17,80141.35
223,223,IT,53.2,4,46529.31
224,224,Operations,93.16,32,24488.25
225,225,Marketing,57.82,5,93882.83
226,226,Marketing,83.05,5,49787.0
227,227,Marketing,13.84,17,89438.26
228,228,IT,66.83,24,133054.26
229,229,Marketing,28.26,41,144704.23
230,230,IT,58.21,49,99591.08
231,231,Marketing,44.56,16,124202.2
232,232,Operations,15.09,48,157043.4
233,233,Operations,75.37,24,40882.88
234,234,Marketing,71.62,3,143397.98
235,235,IT,24.35,27,36936.89
236,236,HR,26.23,6,45894.06
237,237,Marketing,22.48,28,100851.75
238,238,Finance,22.55,29,70964.98
239,239,Marketing,24.87,20,76740.78
240,240,Marketing,27.51,25,139969.99
241,241,HR,89.72,50,49905.84
242,242,IT,36.28,11,171146.13
243,243,Operations,30.52,14,80597.71
244,244,Operations,69.79,13,92190.17
245,245,Finance,19.41,2,154555.71
246,246,Operations,52.36,5,96335.23
247,247,Marketing,53.99,26,164786.63
248,248,Finance,15.28,41,193129.29
249,249,Marketing,40.81,1,137517.65
250,250,Finance,65.97,5,85844.21
251,251,HR,58.92,10,28392.46
252,252,Finance,52.58,8,33273.53
253,253,IT,7.18,3,190705.49
254,254,Marketing,75.83,35,152608.11
255,255,Finance,69.42,29,77940.66
256,256,IT,1.53,3,77471.35
257,257,IT,11.71,29,159119.97
258,258,Finance,63.79,48,54900.81
259,259,IT,83.17,26,183573.33
260,260,HR,23.78,50,20478.14
261,261,Operations,66.54,32,55926.01
262,262,IT,53.81,6,59238.13
263,263,Finance,45.83,13,106459.23
264,264,HR,66.94,0,180578.21
265,265,Operations,26.64,41,68580.81
266,266,Marketing,65.58,11,146705.17
267,267,Operations,21.11,27,195770.01
268,268,Finance,20.78,2,167040.92
269,269,Marketing,42.43,41,190923.05
270,270,HR,4.85,36,51854.67
271,271,IT,54.89,27,171733.15
272,272,Marketing,59.71,12,25698.14
273,273,IT,89.44,12,138465.86
274,274,IT,76.24,9,188643.82
275,275,HR,85.96,28,132745.68
276,276,HR,95.4,41,28983.46
277,277,Marketing,12.61,27,142948.11
278,278,HR,25.89,3,149563.68
279,279,Marketing,6.01,41,197754.83
280,280,Marketing,57.84,42,41956.8
281,281,Marketing,22.75,10,96583.91
282,282,HR,46.46,3,95191.49
283,283,Operations,71.51,3,59550.16
284,284,Operations,47.81,25,92697.95
285,285,Operations,49.5,26,89945.13
286,286,Operations,57.09,29,151832.05
287,287,Marketing,50.83,2,176634.84
288,288,Marketing,25.14,0,115982.39
289,289,IT,41.05,40,51749.83
290,290,Operations,79.55,9,79610.52
291,291,Marketing,32.73,47,99181.5
292,292,HR,22.59,49,49256.0
293,293,Finance,5.35,47,174429.46
294,294,HR,83.72,26,90888.89
295,295,Finance,69.54,32,139131.78
296,296,IT,50.46,12,171182.36
297,297,Finance,75.82,44,97613.35
298,298,Finance,65.61,14,34286.57
299,299,IT,52.62,44,34842.05
300,300,IT,82.94,28,127955.45
301,301,HR,2.63,40,187130.58
302,302,HR,48.39,23,36865.38
303,303,Marketing,89.01,3,81905.39
304,304,Operations,50.11,39,101735.95
305,305,IT,77.16,24,146632.92
306,306,IT,34.83,46,108931.22
307,307,Finance,31.38,5,59347.86
308,308,Finance,18.85,34,93458.55
309,309,Operations,77.51,38,163913.91
310,310,Marketing,89.14,27,95685.48
311,311,Finance,62.01,27,42001.43
312,312,IT,52.33,20,60803.11
313,313,Operations,9.82,16,193878.57
314,314,Marketing,63.77,42,143516.82
315,315,Finance,86.64,5,165189.54
316,316,Finance,22.15,11,137556.82
317,317,Finance,70.07,16,140247.95
318,318,IT,6.27,23,78046.79
319,319,Marketing,67.93,29,24760.32
320,320,IT,16.94,19,32521.44
321,321,Marketing,56.64,9,44193.64
322,322,Finance,38.2,36,138306.6
323,323,Operations,8.77,2,39566.72
324,324,Finance,10.84,3,51895.21
325,325,Operations,28.04,50,84015.47
326,326,Marketing,13.9,22,70554.48
327,327,Marketing,86.24,1,60614.21
328,328,Marketing,16.18,43,173336.74
329,329,Operations,98.55,47,140249.66
330,330,IT,23.75,33,96212.48
331,331,Finance,57.86,49,194281.73
332,332,Marketing,100.0,31,91245.93
333,333,Operations,24.4,42,25860.08
334,334,Operations,56.49,14,129169.43
335,335,Marketing,10.99,34,142585.86
336,336,IT,27.41,50,41883.28
337,337,Finance,80.43,42,32516.39
338,338,HR,19.08,21,181801.77
339,339,IT,41.05,19,87835.51
340,340,Finance,76.43,21,51402.81
341,341,Operations,67.12,13,101335.05
342,342,Finance,16.75,1,122439.95
343,343,IT,88.34,4,71919.84
344,344,HR,50.58,33,97724.51
345,345,Operations,44.55,2,87117.57
346,346,Operations,90.69,2,173951.95
347,347,Marketing,57.21,41,151888.82
348,348,Marketing,14.15,37,120326.4
349,349,Finance,48.46,44,115442.83
350,350,Marketing,1.35,28,192620.09
351,351,IT,35.09,15,169563.72
352,352,Marketing,37.98,35,174942.01
353,353,IT,5.43,28,22106.47
354,354,Marketing,40.07,13,151313.58
355,355,Marketing,98.38,6,131259.18
356,356,Marketing,47.66,17,192327.81
357,357,Operations,41.91,14,70858.43
358,358,HR,66.52,32,171727.74
359,359,Operations,86.36,1,74111.98
360,360,Operations,96.54,43,109685.5
361,361,Finance,49.0,42,41237.02
362,362,IT,85.09,30,118280.65
363,363,HR,15.34,50,142284.08
364,364,Marketing,39.77,5,170637.12
365,365,Operations,17.35,3,94283.91
366,366,IT,30.59,9,189355.19
367,367,Operations,7.25,23,133892.0
368,368,Operations,79.8,20,25798.0
369,369,Marketing,40.59,42,101559.17
370,370,Marketing,91.05,17,96293.64
371,371,HR,54.29,24,21792.33
372,372,HR,80.23,11,38377.29
373,373,Operations,98.84,33,44022.1
374,374,HR,36.33,3,129368.7
375,375,HR,45.58,45,184347.26
376,376,Finance,24.04,24,78144.15
377,377,Finance,72.52,6,79972.61
378,378,HR,10.73,27,87345.72
379,379,HR,39.28,0,178280.4
380,380,Marketing,6.85,13,168606.27
381,381,Marketing,3.26,41,114165.92
382,382,Marketing,77.51,28,69539.97
383,383,Operations,78.09,20,153989.65
384,384,Marketing,10.42,6,146804.71
385,385,Operations,43.54,10,30191.19
386,386,Finance,47.7,13,121259.82
387,387,HR,81.47,8,190823.5
388,388,Finance,23.52,29,28044.75
389,389,Finance,25.29,5,26223.47
390,390,Marketing,4.82,13,134118.25
391,391,IT,47.31,28,195223.35
392,392,HR,20.8,45,148832.21
393,393,Finance,13.28,5,68196.45
394,394,Operations,66.17,11,42010.29
395,395,Operations,19.39,5,182908.13
396,396,Finance,24.26,5,51503.33
397,397,Operations,91.32,6,40990.94
398,398,Operations,65.32,21,32336.74
399,399,Operations,92.71,30,198026.91
400,400,Operations,8.68,18,162880.35
401,401,IT,0.61,28,21765.09
402,402,Finance,94.78,3,135333.61
403,403,Finance,18.33,31,107136.5
404,404,Marketing,38.01,33,148266.04
405,405,Operations,77.24,50,155131.47
406,406,Marketing,12.16,6,159075.36
407,407,Marketing,9.35,40,74155.18
408,408,Finance,43.31,36,55900.93
409,409,IT,0.8,39,55937.01
410,410,Marketing,60.94,49,170008.27
411,411,Marketing,79.38,27,32058.22
412,412,IT,66.15,37,56055.62
413,413,HR,17.81,32,101903.47
414,414,Finance,6.78,6,159783.5
415,415,Marketing,74.59,43,51742.02
416,416,HR,28.95,47,59980.9
417,417,Operations,7.56,30,129180.41
418,418,Marketing,66.87,26,98342.54
419,419,Operations,75.64,3,198936.1
420,420,Finance,0.6,34,45904.22
421,421,Operations,40.59,14,53651.07
422,422,Operations,54.58,30,102088.49
423,423,Operations,3.74,37,189389.47
424,424,Finance,91.23,19,178334.23
425,425,Marketing,19.58,32,51712.37
426,426,IT,7.16,21,151808.69
427,427,Operations,85.77,9,50277.32
428,428,IT,57.54,7,189973.21
429,429,Operations,94.99,4,143130.7
430,430,Operations,1.32,12,95485.45
431,431,IT,34.23,6,98753.47
432,432,IT,5.31,49,60904.19
433,433,HR,26.01,38,181274.23
434,434,Finance,55.87,7,59964.21
435,435,Operations,64.45,4,55813.4
436,436,Finance,37.18,9,99055.52
437,437,Operations,85.66,33,199154.99
438,438,Marketing,30.59,8,31626.3
439,439,Operations,57.02,2,199420.34
440,440,Finance,82.1,1,182334.72
441,441,IT,56.97,5,175560.63
442,442,Finance,53.71,32,121744.44
443,443,Operations,7.28,38,41171.74
444,444,Finance,11.48,31,171407.49
445,445,IT,36.57,45,161541.21
446,446,Marketing,42.78,38,109932.71
447,447,IT,79.56,11,190321.83
448,448,Marketing,10.88,34,150898.31
449,449,IT,81.87,1,93804.48
450,450,Finance,64.56,50,33542.7
451,451,IT,10.07,46,53866.3
452,452,Marketing,7.59,19,152823.32
453,453,Marketing,47.19,28,118670.37
454,454,Operations,10.34,35,188766.73
455,455,Finance,85.87,0,154500.21
456,456,IT,7.18,6,72842.77
457,457,IT,84.38,38,195491.04
458,458,HR,32.37,14,154360.43
459,459,Finance,16.76,37,175903.52
460,460,IT,63.98,32,63960.0
461,461,HR,92.54,0,137133.66
462,462,IT,18.11,50,113868.75
463,463,Operations,66.96,0,143985.47
464,464,IT,66.97,10,135332.92
465,465,IT,48.07,36,24121.09
466,466,IT,26.22,11,31239.51
467,467,Finance,95.59,12,90970.95
468,468,IT,64.26,34,146675.54
469,469,IT,44.16,8,172547.89
470,470,Marketing,84.31,12,76096.75
471,471,Finance,59.2,13,150244.86
472,472,Marketing,29.09,14,95291.89
473,473,Finance,33.59,16,146338.15
474,474,Marketing,60.71,1,49595.84
475,475,Marketing,68.06,25,100104.46
476,476,Operations,55.34,30,182692.0
477,477,Operations,73.43,50,107737.02
478,478,HR,94.46,12,112341.51
479,479,IT,25.56,12,195848.79
480,480,HR,68.59,19,41789.54
481,481,Operations,15.73,18,135036.17
482,482,IT,22.64,41,173659.92
483,483,Finance,59.11,36,99432.18
484,484,Marketing,73.44,16,82720.42
485,485,Finance,61.05,44,81767.34
486,486,IT,39.5,39,199762.0
487,487,HR,21.1,48,146292.46
488,488,IT,56.17,19,89549.8
489,489,Marketing,58.72,1,142882.12
490,490,Finance,17.52,27,42113.87
491,491,IT,83.56,13,187556.91
492,492,HR,28.8,13,83974.32
493,493,HR,38.39,26,31273.14
494,494,Finance,81.48,27,183478.65
495,495,Marketing,66.64,43,193937.82
496,496,Finance,60.18,35,90720.72
497,497,Finance,25.48,33,182434.91
498,498,Marketing,27.19,48,79947.22
499,499,HR,28.43,46,43360.58
500,500,IT,1.9,15,65613.19
501,501,Finance,62.98,16,148378.17
502,502,IT,33.15,2,165420.21
503,503,IT,57.69,24,170171.88
504,504,Operations,40.48,18,48495.6
505,505,Finance,37.35,33,64179.82
506,506,Marketing,36.97,9,197633.53
507,507,Operations,61.46,35,83248.24
508,508,HR,60.72,30,116104.58
509,509,Operations,88.61,2,82098.66
510,510,Marketing,33.7,38,74223.52
511,511,Operations,13.37,18,41287.82
512,512,IT,90.86,14,140175.32
513,513,IT,61.32,5,160551.09
514,514,IT,87.61,17,137867.94
515,515,Finance,85.98,6,134844.75
516,516,Marketing,79.4,38,95609.41
517,517,HR,49.93,37,107298.67
518,518,Finance,41.36,17,103069.58
519,519,HR,83.34,21,130566.02
520,520,HR,87.23,8,140114.62
521,521,Finance,48.89,40,153525.98
522,522,Marketing,31.4,39,143454.76
523,523,Marketing,27.55,14,145316.45
524,524,Finance,42.61,27,196934.82
525,525,Operations,30.87,17,26139.37
526,526,IT,37.6,38,185133.38
527,527,IT,96.02,15,173848.26
528,528,HR,51.19,47,70299.77
529,529,Finance,86.46,40,161820.74
530,530,IT,6.55,3,122549.19
531,531,Marketing,98.4,50,179735.0
532,532,Marketing,7.52,41,134879.21
533,533,IT,44.52,28,106243.15
534,534,Operations,10.97,36,65197.19
535,535,HR,23.67,4,162568.06
536,536,Finance,12.71,4,173906.16
537,537,Marketing,24.99,43,110544.66
538,538,Marketing,51.18,47,58181.82
539,539,IT,72.73,34,130807.52
540,540,IT,60.79,28,86577.9
541,541,Operations,99.25,43,179578.41
542,542,HR,41.9,32,25379.82
543,543,HR,73.8,24,154981.74
544,544,Finance,26.67,31,51587.23
545,545,IT,24.77,18,130185.52
546,546,Marketing,1.52,47,175288.31
547,547,Operations,95.35,44,185840.07
548,548,Marketing,55.42,12,51619.58
549,549,Marketing,32.67,22,133696.04
550,550,IT,62.93,16,55818.87
551,551,Finance,41.5,37,130553.4
552,552,HR,69.58,25,182707.15
553,553,Finance,64.2,33,94110.2
554,554,Finance,74.64,25,54908.01
555,555,Marketing,57.85,11,26849.73
556,556,Finance,97.8,32,45016.66
557,557,Finance,15.29,11,97872.71
558,558,IT,48.03,21,23494.13
559,559,Operations,92.0,10,169117.56
560,560,IT,68.55,11,73845.27
561,561,Marketing,1.92,45,20810.86
562,562,HR,59.98,20,82588.74
563,563,Marketing,40.6,35,115362.91
564,564,Finance,87.82,33,185881.37
565,565,Operations,40.87,7,38612.97
566,566,Marketing,99.52,25,43339.28
567,567,IT,62.22,14,43390.88
568,568,HR,0.71,6,73424.25
569,569,Operations,13.13,2,185253.52
570,570,IT,15.04,16,151585.93
571,571,Finance,94.96,43,174429.42
572,572,Marketing,85.55,6,146298.58
573,573,Operations,9.13,22,27368.51
574,574,Finance,62.31,6,142528.94
575,575,IT,80.42,26,96247.06
576,576,HR,10.31,25,115501.85
577,577,Operations,9.35,46,127058.86
578,578,Operations,68.96,20,57626.05
579,579,Marketing,97.55,35,20619.78
580,580,Marketing,48.18,45,177241.26
581,581,Finance,76.6,7,63180.65
582,582,HR,20.65,14,150670.89
583,583,Finance,43.17,19,52175.43
584,584,HR,19.32,18,127662.29
585,585,Finance,7.37,9,190516.87
586,586,Marketing,72.36,11,126971.71
587,587,Marketing,20.01,18,56920.48
588,588,Marketing,86.41,38,124645.72
589,589,Operations,29.92,6,129399.18
590,590,IT,53.42,26,114980.73
591,591,Marketing,69.0,41,135167.98
592,592,Marketing,28.41,20,59558.33
593,593,Operations,69.74,10,103718.1
594,594,Operations,41.51,24,133430.37
595,595,Operations,77.72,45,57852.47
596,596,Operations,29.67,35,138119.76
597,597,Operations,50.16,2,144040.3
598,598,HR,91.79,19,177037.6
599,599,Finance,39.7,14,51721.67
600,600,Finance,73.21,5,119407.94
601,601,Marketing,17.38,27,147706.29
602,602,Operations,31.68,24,119904.16
603,603,IT,31.79,22,49844.66
604,604,Finance,45.76,43,148625.47
605,605,HR,9.99,32,114987.08
606,606,Marketing,21.03,7,48745.35
607,607,HR,52.47,33,55222.28
608,608,HR,10.53,2,22107.2
609,609,Finance,5.98,50,50650.32
610,610,Operations,28.45,15,172689.63
611,611,Finance,32.71,13,75612.86
612,612,Marketing,41.36,45,106170.27
613,613,Operations,27.41,25,140108.27
614,614,HR,67.1,49,94004.99
615,615,IT,35.0,44,176121.64
616,616,IT,26.74,26,131257.43
617,617,Operations,65.41,21,67165.32
618,618,Marketing,86.41,34,113598.37
619,619,HR,41.62,23,115973.29
620,620,Operations,81.62,40,136499.97
621,621,Marketing,93.88,5,65647.35
622,622,Operations,98.58,34,67307.84
623,623,IT,71.96,11,170585.43
624,624,Marketing,71.86,33,175754.8
625,625,IT,38.12,35,60977.63
626,626,Operations,63.34,47,103470.87
627,627,IT,16.88,3,178380.68
628,628,IT,49.33,3,58509.52
629,629,IT,34.2,43,44982.99
630,630,HR,12.38,5,74038.61
631,631,HR,44.84,1,194511.95
632,632,Finance,7.34,38,143924.02
633,633,HR,94.09,49,153739.41
634,634,Marketing,90.2,15,109967.74
635,635,Marketing,88.36,29,186315.2
636,636,Operations,95.46,36,33012.15
637,637,Marketing,17.49,36,125736.96
638,638,IT,90.56,44,172079.51
639,639,Finance,29.49,31,111969.04
640,640,Finance,91.51,7,121247.94
641,641,IT,30.07,29,25586.6
642,642,HR,10.54,16,110425.9
643,643,IT,13.67,25,158587.07
644,644,IT,18.25,31,157969.56
645,645,IT,45.49,42,184063.25
646,646,IT,80.59,10,165469.26
647,647,Operations,89.13,4,43068.85
648,648,IT,98.18,37,23340.87
649,649,Finance,28.13,18,180122.61
650,650,Marketing,25.39,23,75978.29
651,651,IT,44.44,44,91229.8
652,652,Marketing,17.45,20,93299.49
653,653,Marketing,46.16,28,77214.25
654,654,Finance,60.2,9,91916.45
655,655,Marketing,72.56,16,131241.2
656,656,Marketing,10.56,42,77877.85
657,657,Finance,8.22,12,124773.44
658,658,HR,68.63,27,39061.09
659,659,Operations,89.64,22,46225.4
660,660,HR,16.03,7,47016.4
661,661,HR,6.59,24,174426.16
662,662,Operations,64.17,48,42280.52
663,663,HR,60.36,41,23348.88
664,664,Marketing,16.97,38,180596.41
665,665,Finance,11.16,33,156270.44
666,666,Marketing,69.69,31,31903.11
667,667,IT,28.58,31,121044.01
668,668,Marketing,43.79,41,172701.46
669,669,HR,97.05,42,78043.16
670,670,Finance,32.1,21,37196.67
671,671,HR,68.19,40,105389.58
672,672,Marketing,31.41,33,52237.25
673,673,IT,62.48,20,20517.51
674,674,HR,21.45,3,149098.92
675,675,Operations,36.78,30,134542.82
676,676,Marketing,63.19,40,143288.48
677,677,HR,67.59,34,22288.5
678,678,Marketing,93.13,29,75766.04
679,679,Marketing,75.14,24,75695.74
680,680,IT,58.42,47,190796.54
681,681,Finance,93.28,45,136230.99
682,682,Marketing,58.03,24,33678.95
683,683,IT,37.13,16,39007.32
684,684,Marketing,18.37,44,133460.52
685,685,Operations,99.1,1,21713.62
686,686,Finance,22.96,12,192370.79
687,687,Operations,26.76,20,39214.87
688,688,Operations,46.07,34,53333.38
689,689,Finance,77.51,44,45784.75
690,690,Operations,16.32,30,58247.32
691,691,Finance,11.95,8,196324.62
692,692,IT,35.45,6,115252.56
693,693,Finance,40.82,30,136264.01
694,694,Operations,44.7,9,94750.18
695,695,IT,83.94,50,125483.18
696,696,HR,1.99,11,127161.26
697,697,Operations,77.1,44,132947.61
698,698,Operations,53.69,32,191890.69
699,699,Marketing,14.46,10,32426.26
700,700,Operations,60.21,19,20325.93
701,701,IT,36.24,18,40291.52
702,702,HR,74.78,22,182231.13
703,703,Marketing,86.97,49,69802.21
704,704,IT,28.56,3,49126.35
705,705,Finance,76.21,21,98212.63
706,706,Finance,52.77,43,163717.97
707,707,IT,80.16,48,178329.71
708,708,HR,12.32,35,150288.22
709,709,Finance,84.92,4,60833.71
710,710,Operations,89.86,14,36921.06
711,711,Marketing,12.88,5,76359.19
712,712,IT,9.9,24,158044.01
713,713,IT,91.3,44,167377.9
714,714,Marketing,71.49,34,170255.94
715,715,HR,18.03,15,125457.19
716,716,HR,68.53,46,139673.2
717,717,Operations,75.19,41,29139.32
718,718,Finance,27.23,35,176493.28
719,719,IT,73.91,11,42922.92
720,720,Operations,75.96,32,117149.48
721,721,IT,66.49,23,31104.33
722,722,Finance,8.67,47,91048.34
723,723,Operations,29.33,44,20807.23
724,724,Marketing,32.11,34,51634.73
725,725,IT,79.8,18,131205.33
726,726,Marketing,90.94,1,192986.27
727,727,IT,8.01,34,121672.41
728,728,Finance,26.34,37,172728.2
729,729,Marketing,48.48,50,47762.4
730,730,IT,40.86,41,139263.36
731,731,Marketing,45.34,6,68408.55
732,732,Operations,10.54,21,199780.66
733,733,Marketing,78.85,3,172837.14
734,734,Operations,2.91,21,167451.66
735,735,Finance,89.61,26,163664.41
736,736,HR,68.61,21,52732.32
737,737,HR,80.73,15,84983.62
738,738,IT,60.89,45,35731.42
739,739,HR,67.73,48,138257.94
740,740,Operations,79.11,16,95049.04
741,741,HR,57.73,50,176199.29
742,742,Finance,36.43,48,71587.41
743,743,Operations,27.33,36,55793.53
744,744,Finance,47.53,23,177069.34
745,745,Finance,20.79,39,59081.08
746,746,Marketing,24.34,21,154134.09
747,747,IT,85.01,4,132754.29
748,748,Finance,66.64,19,137365.47
749,749,Operations,92.43,14,59864.89
750,750,Operations,76.79,38,88013.89
751,751,IT,44.93,45,25502.6
752,752,IT,17.01,40,180351.35
753,753,IT,21.95,9,49677.29
754,754,IT,18.45,1,30032.67
755,755,IT,53.43,38,192579.22
756,756,Finance,57.41,2,155832.03
757,757,Marketing,3.86,15,133919.78
758,758,Operations,0.32,40,155266.88
759,759,Finance,29.07,46,58490.62
760,760,Marketing,47.14,42,31033.86
761,761,Operations,46.19,4,92799.41
762,762,Marketing,67.26,8,174207.7
763,763,Finance,76.05,9,142725.72
764,764,Marketing,93.9,6,74091.24
765,765,HR,66.03,42,135719.08
766,766,Operations,46.49,40,27303.63
767,767,Operations,71.26,21,125158.77
768,768,Marketing,71.07,41,129243.16
769,769,IT,63.18,10,197733.25
770,770,Marketing,18.07,21,136757.88
771,771,Operations,83.77,7,157040.35
772,772,Finance,3.27,49,55209.36
773,773,IT,37.26,41,184262.24
774,774,Finance,97.79,48,163418.13
775,775,Operations,10.14,30,93263.49
776,776,Marketing,22.3,50,128227.18
777,777,Finance,46.32,32,35750.4
778,778,IT,74.47,38,162393.51
779,779,Marketing,20.82,4,195308.95
780,780,Marketing,20.81,13,117055.35
781,781,IT,73.79,47,92375.87
782,782,HR,73.65,33,118813.21
783,783,Finance,20.23,41,69875.01
784,784,HR,91.4,3,68794.54
785,785,IT,6.44,25,43493.27
786,786,Finance,23.39,21,166063.35
787,787,HR,89.23,24,189309.94
788,788,Marketing,81.31,20,84123.56
789,789,Operations,1.25,29,83066.76
790,790,HR,7.57,2,115000.69
791,791,IT,16.66,38,54968.59
792,792,Operations,57.5,46,120206.14
793,793,Operations,76.57,25,102099.62
794,794,Marketing,83.36,16,198533.61
795,795,IT,16.92,17,169909.53
796,796,Operations,56.91,41,111874.12
797,797,Marketing,1.15,39,25111.31
798,798,Operations,65.6,28,102461.14
799,799,Marketing,12.89,19,133956.2
800,800,Finance,96.41,24,142313.12
801,801,Operations,95.06,24,96123.95
802,802,IT,47.54,45,58173.72
803,803,Finance,73.82,35,64087.92
804,804,Finance,27.65,16,91874.36
805,805,IT,9.06,26,36865.26
806,806,HR,18.85,29,199428.95
807,807,Marketing,4.58,48,26142.83
808,808,Marketing,41.31,5,154749.35
809,809,IT,95.86,4,34856.67
810,810,HR,34.95,49,135450.97
811,811,HR,16.45,44,168584.4
812,812,Finance,74.47,43,190403.48
813,813,Operations,54.95,43,72304.53
814,814,Finance,28.71,13,150341.15
815,815,HR,30.35,45,98380.92
816,816,IT,13.15,14,167437.77
817,817,Finance,18.3,30,32358.22
818,818,Finance,26.73,9,186275.01
819,819,Marketing,14.63,17,100639.54
820,820,Finance,96.47,11,106617.51
821,821,IT,80.12,24,56840.97
822,822,Operations,85.99,22,164659.85
823,823,Marketing,85.54,39,69252.64
824,824,Marketing,16.21,39,144641.18
825,825,Marketing,63.82,37,85777.76
826,826,Marketing,83.95,19,190230.28
827,827,Finance,39.99,1,47691.44
828,828,Operations,12.83,39,44557.83
829,829,HR,25.2,10,163967.98
830,830,Operations,34.13,19,38471.46
831,831,Finance,14.95,25,82683.01
832,832,IT,7.08,9,175235.76
833,833,HR,2.95,44,74283.11
834,834,Marketing,7.79,24,35800.47
835,835,HR,25.86,42,28163.37
836,836,Finance,10.3,33,171056.63
837,837,HR,49.43,39,38391.44
838,838,Marketing,91.13,9,104316.97
839,839,IT,58.18,12,176633.57
840,840,Operations,1.72,5,137127.09
841,841,IT,37.81,28,30888.85
842,842,Operations,76.75,26,100832.25
843,843,IT,78.64,40,80285.54
844,844,Finance,48.25,6,84308.67
845,845,Marketing,27.86,38,143972.05
846,846,HR,64.11,37,120313.39
847,847,Finance,39.28,2,187990.76
848,848,HR,87.61,7,77724.61
849,849,Marketing,91.95,34,195047.36
850,850,Finance,68.94,39,71008.68
851,851,Marketing,35.79,16,20040.19
852,852,Operations,87.07,4,172253.64
853,853,IT,11.86,2,117010.21
854,854,HR,0.01,13,47467.68
855,855,Finance,99.09,42,73983.94
856,856,Finance,17.14,24,34133.31
857,857,Finance,8.69,41,139028.85
858,858,Operations,77.31,34,114159.29
859,859,IT,3.72,6,75106.79
860,860,HR,25.9,7,112128.94
861,861,Finance,24.56,5,158803.02
862,862,Operations,96.32,6,41426.06
863,863,Marketing,30.63,8,48000.08
864,864,Marketing,0.77,33,90849.81
865,865,Operations,81.36,31,55976.77
866,866,Finance,99.59,39,180768.69
867,867,HR,74.55,11,196123.94
868,868,HR,38.65,46,42161.96
869,869,IT,84.19,0,40245.49
870,870,IT,46.2,4,99053.92
871,871,Finance,43.19,0,34782.44
872,872,IT,75.48,37,106241.67
873,873,Marketing,79.68,9,168468.12
874,874,Finance,47.6,31,130008.22
875,875,IT,2.81,29,59842.57
876,876,Finance,61.86,46,163971.51
877,877,HR,69.2,22,21858.52
878,878,HR,39.15,24,160820.54
879,879,Operations,93.72,41,143758.68
880,880,Marketing,86.27,6,174198.28
881,881,IT,73.64,9,82289.67
882,882,Marketing,20.16,36,55194.82
883,883,HR,12.74,49,97063.38
884,884,HR,84.84,25,175883.77
885,885,Marketing,54.52,35,148256.97
886,886,Finance,20.03,7,33659.18
887,887,Operations,36.59,34,75444.74
888,888,Operations,58.19,29,59868.82
889,889,HR,5.4,38,198424.03
890,890,IT,18.15,3,132564.2
891,891,HR,60.03,49,191397.21
892,892,Finance,62.39,21,75880.25
893,893,Finance,13.66,34,139312.28
894,894,HR,15.23,14,58021.13
895,895,Finance,40.84,3,159957.0
896,896,Operations,63.92,18,94918.93
897,897,Operations,46.2,46,28082.26
898,898,HR,13.89,22,26523.04
899,899,Operations,3.22,37,96699.18
900,900,Marketing,49.68,9,192328.39
901,901,Marketing,40.72,3,129780.57
902,902,HR,61.44,48,169195.33
903,903,HR,64.14,2,33070.59
904,904,Finance,24.57,40,127273.99
905,905,HR,92.36,16,87198.6
906,906,Marketing,98.62,39,120372.63
907,907,Operations,12.55,47,104686.38
908,908,Finance,61.42,17,58565.03
909,909,Operations,27.3,5,199810.51
910,910,IT,96.3,25,99889.77
911,911,HR,85.92,44,186505.84
912,912,HR,12.43,47,196939.07
913,913,Finance,6.06,48,40745.69
914,914,HR,53.55,42,125905.37
915,915,Finance,82.17,40,169430.11
916,916,Marketing,62.31,0,83172.64
917,917,HR,93.43,22,106019.58
918,918,Operations,66.73,8,194259.53
919,919,Operations,48.32,34,99317.97
920,920,Marketing,17.18,19,22904.38
921,921,Finance,72.52,40,196673.74
922,922,HR,13.92,31,36511.7
923,923,Operations,19.28,7,121294.01
924,924,Finance,24.41,40,94125.16
925,925,IT,51.49,1,81652.8
926,926,IT,94.87,30,195572.85
927,927,IT,43.75,13,108106.47
928,928,Finance,5.49,32,177508.42
929,929,Operations,16.34,10,178659.38
930,930,HR,85.42,48,149969.03
931,931,IT,82.2,33,101242.87
932,932,Finance,39.43,41,194526.68
933,933,Finance,58.5,9,20479.06
934,934,Operations,47.41,37,58352.88
935,935,Marketing,13.85,25,101055.37
936,936,Finance,49.8,2,58587.55
937,937,Marketing,40.67,13,197336.29
938,938,IT,86.52,1,53330.24
939,939,HR,54.83,43,153625.19
940,940,HR,87.61,34,56415.11
941,941,Operations,51.18,8,60016.18
942,942,Finance,84.65,34,89547.15
943,943,Marketing,57.03,1,107537.64
944,944,HR,28.63,4,53227.18
945,945,Marketing,25.81,7,119090.21
946,946,Operations,48.2,26,108505.46
947,947,Marketing,95.01,43,133068.62
948,948,Operations,32.99,23,57548.07
949,949,Marketing,90.28,24,160570.07
950,950,Marketing,76.3,47,170084.45
951,951,Finance,16.48,25,185350.24
952,952,Operations,75.93,14,174272.64
953,953,Finance,43.38,5,124268.35
954,954,Marketing,83.36,34,63425.59
955,955,IT,8.03,27,127114.99
956,956,Operations,75.45,35,29529.25
957,957,IT,59.7,18,131703.17
958,958,IT,90.77,40,73211.99
959,959,Operations,74.13,20,66265.61
960,960,Finance,43.54,39,161668.52
961,961,Marketing,1.96,26,165202.16
962,962,Operations,85.6,12,120032.01
963,963,Marketing,57.57,12,114359.18
964,964,IT,75.49,24,26107.94
965,965,Marketing,26.86,22,89793.16
966,966,HR,62.74,36,29268.69
967,967,IT,92.6,32,55612.24
968,968,HR,88.0,44,185777.64
969,969,Marketing,31.38,12,73341.0
970,970,HR,6.57,11,46412.03
971,971,Finance,23.83,25,192280.47
972,972,Operations,41.37,49,132989.75
973,973,IT,35.59,12,182262.09
974,974,Operations,34.57,6,193295.84
975,975,IT,7.32,7,39634.21
976,976,HR,93.84,19,69259.04
977,977,IT,59.31,18,183818.91
978,978,IT,56.15,30,51312.32
979,979,Marketing,73.24,35,76648.62
980,980,HR,28.54,43,33464.9
981,981,Finance,54.24,20,144680.28
982,982,HR,68.04,36,181372.22
983,983,Finance,78.53,25,31685.04
984,984,IT,19.36,41,121303.26
985,985,HR,34.02,36,89849.78
986,986,Marketing,41.09,25,104268.77
987,987,IT,67.24,21,173512.9
988,988,Finance,71.78,4,113975.36
989,989,Marketing,79.86,6,75327.3
990,990,Finance,5.43,46,136988.05
991,991,Operations,22.02,28,80394.62
992,992,Operations,97.34,32,170941.29
993,993,Marketing,11.93,39,85754.4
994,994,HR,89.61,34,89684.73
995,995,Operations,7.28,14,191234.33
996,996,Operations,68.29,20,116283.43
997,997,Operations,26.95,9,138643.35
998,998,Finance,69.97,27,112156.0
999,999,IT,42.94,9,34501.28
1000,1000,Finance,54.56,38,55877.54
